social_media_source,review_text,customer_id,location_id,review_datetime
Facebook,良いロケーションとおいしいコーヒー,3174,1,2024-02-05T18:02:10
Facebook,良いサービスです。この場所は便利ですが、窮屈です。座席は平均的です。それでも、飲み物の種類は豊富です。スタッフは知識が豊富で、私の飲み物を完璧に作ってくれました。,8088,1,2024-03-27T04:15:10
Facebook,このコーヒーのトラックは素晴らしいです！スタッフはいつもとてもフレンドリーで親切で、コーヒーはいつも新鮮で美味しいです。ここでリラックスしてコーヒーを一杯楽しむのが大好きです。,2274,1,2024-12-26T11:43:10
Facebook,サービスは素晴らしく、コーヒーはさらに美味しかったです。特に、さまざまな種類のミルクの代替品が気に入りました。,4364,1,2024-03-10T23:41:10
Facebook,素晴らしいコーヒー,3498,1,2024-11-10T12:57:10
Facebook,このお店のサービスは素晴らしかったです！従業員はフレンドリーで親切でした。,6004,1,2024-04-10T00:33:10
Facebook,サービスは素晴らしかったです。コーヒーは最高でした。場所は素晴らしかったです。,7091,1,2024-02-18T07:00:10
Facebook,スタッフはとてもフレンドリーで、サービスは迅速でした。コーヒーは素晴らしく、このお店を他の人にもぜひお勧めします。,8704,1,2024-03-08T05:29:10
Facebook,スタッフがテキパキと対応してくれたおかげで、列がスムーズに進み、私の飲み物は熱々で美味しかったです。選択肢も豊富でした。,6470,1,2024-03-10T07:42:10
Facebook,この場所のサービスは素晴らしかったです。スタッフはフレンドリーで親切で、私のコーヒーが私の好みに合わせて作られていることを確認してくれました。,4433,1,2024-06-26T10:23:10
Facebook,素晴らしいコーヒーとフレンドリーなスタッフ、また絶対に行きます。,9464,1,2024-05-15T23:07:10
Facebook,このコーヒーのトラックで素晴らしい経験をしました。サービスは良く、待ち時間は短く、コーヒーは美味しかったです。また絶対来ます。,8452,1,2024-02-05T15:41:10
Facebook,このコーヒーのトラックは素晴らしい体験でした。サービスは良く、コーヒーは美味しかったです。私はこの場所を他の人にもお勧めします。,3615,1,2024-09-29T13:24:10
Facebook,カスタマーサービスは素晴らしく、待ち時間も短かったです。居心地の良い座席エリアと、さまざまなミルクの代替品があることに感謝しました。コーヒー自体も風味豊かで、品質が一定していました。このコーヒーのトラックは、間違いなく他の人にもお勧めします。,5511,1,2024-01-28T23:27:10
Facebook,スタッフはとてもフレンドリーで、コーヒーは最高でした！おいしいコーヒーを探している人なら、ぜひこのお店をおすすめします。,3309,1,2024-01-13T12:22:10
Facebook,このコーヒーのトラックで素晴らしい経験をしました。サービスは良く、コーヒーはさらに美味しかったです。おいしいコーヒーを探している人なら、このお店を絶対におすすめします。,6867,1,2024-08-01T07:13:10
Facebook,新鮮な淹れたてのコーヒーを楽しみました。バリスタはとてもフレンドリーでした。ここを定期的に訪れるようにします。,5634,1,2024-06-07T07:48:10
Facebook,この場所での素晴らしい経験を共有します！待ち時間は短く、スタッフはフレンドリーで迅速でした。私はドリップコーヒーを注文しましたが、とても美味しかったです。座席エリアは居心地の良い雰囲気で、リラックスするのに最適な場所です。全体的に、私はポジティブな経験をし、この場所をオススメします。,8399,1,2024-09-06T15:07:10
Google,サービスは改善の余地があります。整理されていないと思います。スタッフはとてもフレンドリーで気配りがありました。しかし、2品注文したところ、1品は28分後に、2品目はさらに20分後に出てきました。,8206,1,2024-01-16T20:00:10
Google,居心地の良い座席と、さまざまなミルクの選択肢にとても感銘を受けました。スタッフはフレンドリーで親切で、コーヒーは美味しかったです。この場所には間違いなくまた来ます。,9889,1,2024-10-02T12:17:10
Google,素晴らしいコーヒー、フレンドリーなスタッフ、そして居心地の良い雰囲気。リラックスしてコーヒーを楽しむためにここに来るのが大好きです。,4725,1,2024-05-14T03:09:10
Google,コーヒーは濃くて風味豊かで、スタッフはとてもフレンドリーです。彼らのロイヤルティプログラムが大好きです！,4840,1,2024-11-15T03:47:10
Google,コーヒーは熱くて、新鮮で、とても美味しかったです。この場所にはまた絶対に戻ってきます。,6126,1,2024-05-02T06:35:10
Google,,8844,1,2024-02-12T09:03:10
Google,何年もこのコーヒーのトラックに通っていますが、いつも素晴らしい経験をしています。コーヒーはいつも新鮮で美味しく、スタッフはフレンドリーで親切です。特に居心地の良い座席エリアが気に入っていて、コーヒーを飲みながらリラックスするのに最適です。,7143,1,2024-04-11T08:15:10
Google,とてもフレンドリーで知識豊富なスタッフ、居心地の良い雰囲気、おいしいコーヒー、そしてたくさんの座席オプション。私はここで過ごす時間を本当に楽しみましたし、素晴らしいコーヒー体験を求める人なら誰でもこの場所を強くお勧めします。,1080,1,2024-10-15T16:09:10
Instagram,短い待ち時間で良いサービスでした。 ただし、コーヒーは少し甘すぎました。,1854,1,2024-07-13T23:57:10
Instagram,居心地の良い座席と静かなロケーションは、リラックスして淹れたてのコーヒーを楽しむのに最適な雰囲気を提供しています。知識豊富なスタッフは、私の好みに合ったおいしいコーヒーを選ぶのに親切で親切でした。,10230,1,2024-08-21T05:10:10
Instagram,素晴らしいコーヒー、フレンドリーなスタッフ。 私はいつもここでブラックコーヒーを飲みます。,7084,1,2024-06-01T11:59:10
Instagram,素晴らしいコーヒー、フレンドリーなスタッフ、少し待ち時間がありました（5-10分）が、居心地の良い場所です。,1265,1,2024-11-02T02:17:10
Instagram,コーヒーはまあまあでしたが、雰囲気はとてもリラックスできました。たくさんの居心地の良い座席があり、ゆったりとくつろぐことができました。,8118,1,2024-09-16T10:26:10
Instagram,このコーヒーのトラックで素晴らしい経験をしました。サービスは良く、待ち時間も短かったです。ラテを注文しましたが、とても美味しかったです。雰囲気は居心地がよく、座る場所もたくさんありました。このコーヒーのトラックは、間違いなく他の人にもお勧めします。,4557,1,2024-01-24T04:24:10
Instagram,素晴らしいコーヒー、フレンドリーなスタッフ、そして居心地の良い雰囲気。コーヒーをリラックスして楽しむのに最適な場所です。,4938,1,2024-12-30T07:02:10
Tiktok,場所は清潔で居心地が良かったです。また、座席の種類が豊富なのも気に入っています。コーヒーを飲みながら読書をしたいときは、ソファに寄り添うこともできますし、プロジェクトに取り組むときは、背の高い椅子とテーブルを選ぶこともできます。,5576,1,2024-04-18T06:39:10
TripAdvisor,おいしいコーヒーです！抹茶を上手に淹れることができる珍しいコーヒー トラックの 1 つです。バリスタは本当にフレンドリーで、試してみるべき飲み物も勧めてくれました。,6206,1,2024-02-15T21:02:10
Twitter,バーテンダーは理由もなく私にとても失礼でした。1つの飲み物は間違って作られ、もう1つは焦げた味がしました。この店には二度と行きません。,9745,1,2024-09-09T20:26:10
Twitter,ピーク時でもサービスは迅速でした。快適な座席と、さまざまな種類のミルクオプションがあります。,4585,1,2024-06-04T20:26:10
Twitter,注文したコーヒーは熱くなく、私の後ろに並んでいた人が先に注文したにもかかわらず、私の飲み物が先に出てきました。全体的に平均的な経験であり、再び訪れることはないでしょう。,7159,1,2024-04-07T13:59:10
Twitter,コーヒーは苦すぎで薄かったです。もう二度と行きません。,3797,1,2024-05-11T21:20:10
Twitter,コーヒーと軽食は美味しかったです。居心地の良い座席と短い待ち時間は、私の訪問をとても楽しいものにしました。,7664,1,2024-05-02T15:46:10
Twitter,素晴らしい雰囲気で、飲み物も常に最高です！スタッフはとてもフレンドリーで、試してみるべき飲み物をいくつか勧めてくれました！,9574,1,2024-01-07T19:58:10
Twitter,コーヒーは私の好みには強すぎて、頭痛がしました。,4034,1,2024-07-25T03:20:10
Twitter,騒音のある場所,3347,1,2024-05-01T14:39:10
Twitter,,2909,1,2024-02-06T10:23:10
Twitter,待ち時間が短かったので、全体的に素晴らしいサービスを受けられました。,5640,1,2024-01-10T00:05:10
Twitter,良いサービス、質の高いコーヒーの待ち時間が短い。他の顧客から離れた居心地の良いエリアにたくさんの座席があります。,3383,1,2024-01-01T22:36:10
Twitter,また飲みたい,3731,1,2024-10-31T03:40:10
Twitter,コーヒーの質にとても感銘を受けましたし、サービスも素晴らしかったです。美味しいコーヒーを求めている人なら、このお店を絶対におすすめします。,5980,1,2024-03-27T22:44:10
Twitter,このコーヒーのトラックで素晴らしい経験をしました。サービスは迅速でフレンドリーで、コーヒーは美味しかったです。私は間違いなくこの場所を他の人にお勧めします。,9432,1,2024-11-26T00:59:10
Yelp,サービスが悪く、非常に高額でした。メニューがわからなかったので、とても不親切に感じました。,7769,1,2024-11-13T00:09:10